word,count
真的,182
游戏,169
一个,156
一起,155
视频,151
狗头,148
太,134
吃,134
会,123
系列,121
做,120
老师,97
联动,93
新,92
没有,86
梦幻,86
体验,86
世界,83
可爱,81
里,81
这是,79
竟然,78
中国,77
完,76
中,76
真,75
说,72
挑战,70
爱,70
笑,70
鬼畜,69
到底,68
没,65
神仙,64
站,64
年,64
真实,63
玩,62
区,61
原来,61
想,60
听,60
主,58
电影,58
好家伙,58
已经,58
永远,58
版,58
带,58
老,57
狂喜,56
美食,56
欢迎,54
动画,54
硬核,54
故事,53
高能,53
看到,53
还原,53
不会,53
快乐,51
终于,51
超,51
出,50
恭喜,50
震撼,49
剧情,49
致敬,48
不要,47
一定,47
更新,47
番茄,46
童年,46
整活,46
收藏,46
制作,46
知识,45
历史,44
更,44
省流,44
不能,43
知道,43
技术,43
月,43
请,42
谢谢,42
亿遍,41
经典,41
好听,41
回归,40
快,40
生活,39
青春,39
最后,39
起来,38
人生,38
质量,37
音乐,37
英雄,37
一集,37
新番,36
感动,36
真正,36
魔法,36
猫,35
拉满,35
咯,35
离谱,34
进来,34
喜欢,34
学会,34
回忆,34
建议,33
人类,33
感受,33
黑,32
哭,32
现场,32
复刻,32
科普,32
第一次,32
二创,32
有点,31
妈妈,31
懂,31
加油,31
喵,31
教,31
属于,31
一次,31
成为,31
一天,30
背后,30
完结,30
双厨,30
祝,30
高,30
看看,30
可能,30
剪辑,29
细节,29
全程,29
居然,29
手机,29
泪目,29
事,29
耶,29
小潮,29
效果,29
兄弟,28
美国,28
同学,28
评论,28
未来,28
官方,28
愿,28
灵魂,28
两个,28
感觉,28
点,27
长,27
见,27
现在,27
时间,27
恐怖,27
专业,27
出现,27
开启,27
神话,27
上线,26
家,26
声音,26
希望,26
无限,26
真是,26
爷青回,26
艺术,26
测评,26
节目,26
神,26
浪漫,25
治愈,25
需要,25
前,25
百万,25
走,25
绝美,25
跳,25
发现,25
最强,25
神奇,25
成功,24
撒花,24
精彩,24
分秒,24
期待,24
味道,24
学习,24
朋友,24
大佬,24
在线,24
买,24
循环,24
时,24
解析,24
幸福,24
孩子,24
力,24
梦,23
好吃,23
宝藏,23
一年,23
上头,23
角色,23
回来,23
直接,23
梗,23
变成,23
每天,23
毫无,23
一场,23
惊人,23
爆炸,22
东西,22
值得,22
存在,22
绝,22
画风,22
完美,22
人间,22
相信,22
来到,22
馋,22
男人,22
了解,22
画,22
一下,22
超高,21
解说,21
疯狂,21
不愧,21
冰冰,21
弹幕,21
再来,21
生日快乐,21
一期,21
保护,21
传奇,21
梦想,21
解读,21
作品,21
式,21
以后,21
超级,21
爱情,20
特效,20
跪,20
结尾,20
十年,20
老板,20
现实,20
好看,20
名,20
准备,20
意义,20
有人,20
感,20
违和感,20
一直,20
见证,20
美好,20
这种,20
这期,20
全新,20
大师,19
拍,19
看过,19
感谢,19
甜,19
热爱,19
文化,19
跳舞,19
成,19
玩家,19
用心,19
一种,19
路,19
要素,19
场面,19
全,19
每个,19
日常,19
沉浸,19
伟大,19
赛博,19
度,19
配音,18
深度,18
演技,18
杀,18
